ComponentName, StatisticName, StatisticSubId, StatisticType, SimTime, Rank, Sum.u64, SumSQ.u64, Count.u64, Min.u64, Max.u64
nic36:rtrLink:networkIF:networkIF, packet_latency, , Accumulator, 1594580000, 0, 3360356, 42702896504, 756, 158, 37214
nic36:rtrLink:networkIF:networkIF, send_bit_count, , Accumulator, 1594580000, 0, 6040800, 96688085760, 756, 360, 16384
nic36:rtrLink:networkIF:networkIF, output_port_stalls, , Accumulator, 1594580000, 0, 0, 0, 0, 0, 0
nic36:rtrLink:networkIF:networkIF, idle_time, , Accumulator, 1594580000, 0, 1070508000, 98787358240000000, 84, 18000, 110702000
nic37:rtrLink:networkIF:networkIF, packet_latency, , Accumulator, 1594580000, 0, 4285465, 61073551521, 756, 141, 41438
nic37:rtrLink:networkIF:networkIF, send_bit_count, , Accumulator, 1594580000, 0, 6040800, 96688085760, 756, 360, 16384
nic37:rtrLink:networkIF:networkIF, output_port_stalls, , Accumulator, 1594580000, 0, 0, 0, 0, 0, 0
nic37:rtrLink:networkIF:networkIF, idle_time, , Accumulator, 1594580000, 0, 1006753000, 74738116625000000, 171, 5000, 98414000
nic38:rtrLink:networkIF:networkIF, packet_latency, , Accumulator, 1594580000, 0, 4977278, 75034222068, 756, 160, 29694
nic38:rtrLink:networkIF:networkIF, send_bit_count, , Accumulator, 1594580000, 0, 6040800, 96688085760, 756, 360, 16384
nic38:rtrLink:networkIF:networkIF, output_port_stalls, , Accumulator, 1594580000, 0, 0, 0, 0, 0, 0
nic38:rtrLink:networkIF:networkIF, idle_time, , Accumulator, 1594580000, 0, 1006956000, 74885954032000000, 196, 16000, 94254000
nic39:rtrLink:networkIF:networkIF, packet_latency, , Accumulator, 1594580000, 0, 5265646, 93647398168, 756, 146, 30526
nic39:rtrLink:networkIF:networkIF, send_bit_count, , Accumulator, 1594580000, 0, 6040800, 96688085760, 756, 360, 16384
nic39:rtrLink:networkIF:networkIF, output_port_stalls, , Accumulator, 1594580000, 0, 0, 0, 0, 0, 0
nic39:rtrLink:networkIF:networkIF, idle_time, , Accumulator, 1594580000, 0, 989849000, 79670065057000000, 116, 10000, 103038000
nic40:rtrLink:networkIF:networkIF, packet_latency, , Accumulator, 1594580000, 0, 5743265, 130707979437, 756, 157, 37006
nic40:rtrLink:networkIF:networkIF, send_bit_count, , Accumulator, 1594580000, 0, 6040800, 96688085760, 756, 360, 16384
nic40:rtrLink:networkIF:networkIF, output_port_stalls, , Accumulator, 1594580000, 0, 0, 0, 0, 0, 0
nic40:rtrLink:networkIF:networkIF, idle_time, , Accumulator, 1594580000, 0, 917660000, 52742419560000000, 200, 6000, 80198000
nic41:rtrLink:networkIF:networkIF, packet_latency, , Accumulator, 1594580000, 0, 8507666, 218932169334, 756, 226, 43662
nic41:rtrLink:networkIF:networkIF, send_bit_count, , Accumulator, 1594580000, 0, 6040800, 96688085760, 756, 360, 16384
nic41:rtrLink:networkIF:networkIF, output_port_stalls, , Accumulator, 1594580000, 0, 0, 0, 0, 0, 0
nic41:rtrLink:networkIF:networkIF, idle_time, , Accumulator, 1594580000, 0, 1081230000, 99414008140000000, 119, 10000, 109966000
nic42:rtrLink:networkIF:networkIF, packet_latency, , Accumulator, 1594580000, 0, 4379316, 58248980568, 756, 146, 31962
nic42:rtrLink:networkIF:networkIF, send_bit_count, , Accumulator, 1594580000, 0, 6040800, 96688085760, 756, 360, 16384
nic42:rtrLink:networkIF:networkIF, output_port_stalls, , Accumulator, 1594580000, 0, 0, 0, 0, 0, 0
nic42:rtrLink:networkIF:networkIF, idle_time, , Accumulator, 1594580000, 0, 938954000, 58085017452000000, 151, 18000, 80198000
nic43:rtrLink:networkIF:networkIF, packet_latency, , Accumulator, 1594580000, 0, 5626704, 82989656712, 756, 162, 46750
nic43:rtrLink:networkIF:networkIF, send_bit_count, , Accumulator, 1594580000, 0, 6040800, 96688085760, 756, 360, 16384
nic43:rtrLink:networkIF:networkIF, output_port_stalls, , Accumulator, 1594580000, 0, 0, 0, 0, 0, 0
nic43:rtrLink:networkIF:networkIF, idle_time, , Accumulator, 1594580000, 0, 1052172000, 90313025534000000, 111, 16000, 102838000
nic44:rtrLink:networkIF:networkIF, packet_latency, , Accumulator, 1594580000, 0, 5652564, 93316175774, 756, 302, 49918
nic44:rtrLink:networkIF:networkIF, send_bit_count, , Accumulator, 1594580000, 0, 6040800, 96688085760, 756, 360, 16384
nic44:rtrLink:networkIF:networkIF, output_port_stalls, , Accumulator, 1594580000, 0, 0, 0, 0, 0, 0
nic44:rtrLink:networkIF:networkIF, idle_time, , Accumulator, 1594580000, 0, 1009196000, 83532058054000000, 120, 16000, 101942000
nic45:rtrLink:networkIF:networkIF, packet_latency, , Accumulator, 1594580000, 0, 5873634, 82841306486, 756, 317, 35374
nic45:rtrLink:networkIF:networkIF, send_bit_count, , Accumulator, 1594580000, 0, 6040800, 96688085760, 756, 360, 16384
nic45:rtrLink:networkIF:networkIF, output_port_stalls, , Accumulator, 1594580000, 0, 0, 0, 0, 0, 0
nic45:rtrLink:networkIF:networkIF, idle_time, , Accumulator, 1594580000, 0, 954614000, 72616349540000000, 119, 8000, 97374000
nic46:rtrLink:networkIF:networkIF, packet_latency, , Accumulator, 1594580000, 0, 5618313, 92496603711, 756, 226, 34382
nic46:rtrLink:networkIF:networkIF, send_bit_count, , Accumulator, 1594580000, 0, 6040800, 96688085760, 756, 360, 16384
nic46:rtrLink:networkIF:networkIF, output_port_stalls, , Accumulator, 1594580000, 0, 0, 0, 0, 0, 0
nic46:rtrLink:networkIF:networkIF, idle_time, , Accumulator, 1594580000, 0, 943661000, 72062010113000000, 112, 14000, 97078000
nic47:rtrLink:networkIF:networkIF, packet_latency, , Accumulator, 1594580000, 0, 4064704, 108884319630, 756, 226, 55246
nic47:rtrLink:networkIF:networkIF, send_bit_count, , Accumulator, 1594580000, 0, 6040800, 96688085760, 756, 360, 16384
nic47:rtrLink:networkIF:networkIF, output_port_stalls, , Accumulator, 1594580000, 0, 0, 0, 0, 0, 0
nic47:rtrLink:networkIF:networkIF, idle_time, , Accumulator, 1594580000, 0, 906560000, 69309010208000000, 109, 18000, 89926000
nic48:rtrLink:networkIF:networkIF, packet_latency, , Accumulator, 1594580000, 0, 3471734, 27477284798, 756, 146, 20254
nic48:rtrLink:networkIF:networkIF, send_bit_count, , Accumulator, 1594580000, 0, 6040800, 96688085760, 756, 360, 16384
nic48:rtrLink:networkIF:networkIF, output_port_stalls, , Accumulator, 1594580000, 0, 0, 0, 0, 0, 0
nic48:rtrLink:networkIF:networkIF, idle_time, , Accumulator, 1594580000, 0, 1155010000, 120192782714000000, 69, 10000, 114254000
nic49:rtrLink:networkIF:networkIF, packet_latency, , Accumulator, 1594580000, 0, 2719989, 22931311085, 756, 142, 24478
nic49:rtrLink:networkIF:networkIF, send_bit_count, , Accumulator, 1594580000, 0, 6040800, 96688085760, 756, 360, 16384
nic49:rtrLink:networkIF:networkIF, output_port_stalls, , Accumulator, 1594580000, 0, 0, 0, 0, 0, 0
nic49:rtrLink:networkIF:networkIF, idle_time, , Accumulator, 1594580000, 0, 1065290000, 90232514356000000, 107, 2000, 106622000
nic50:rtrLink:networkIF:networkIF, packet_latency, , Accumulator, 1594580000, 0, 2841212, 20787702248, 756, 158, 19422
nic50:rtrLink:networkIF:networkIF, send_bit_count, , Accumulator, 1594580000, 0, 6040800, 96688085760, 756, 360, 16384
nic50:rtrLink:networkIF:networkIF, output_port_stalls, , Accumulator, 1594580000, 0, 0, 0, 0, 0, 0
nic50:rtrLink:networkIF:networkIF, idle_time, , Accumulator, 1594580000, 0, 1115588000, 107181876640000000, 121, 6000, 111966000
nic51:rtrLink:networkIF:networkIF, packet_latency, , Accumulator, 1594580000, 0, 5333666, 92057251480, 756, 226, 33662
nic51:rtrLink:networkIF:networkIF, send_bit_count, , Accumulator, 1594580000, 0, 6040800, 96688085760, 756, 360, 16384
nic51:rtrLink:networkIF:networkIF, output_port_stalls, , Accumulator, 1594580000, 0, 0, 0, 0, 0, 0
nic51:rtrLink:networkIF:networkIF, idle_time, , Accumulator, 1594580000, 0, 1012110000, 84658914564000000, 122, 8000, 111406000
nic52:rtrLink:networkIF:networkIF, packet_latency, , Accumulator, 1594580000, 0, 7450237, 170424680889, 756, 237, 33979
nic52:rtrLink:networkIF:networkIF, send_bit_count, , Accumulator, 1594580000, 0, 6040800, 96688085760, 756, 360, 16384
nic52:rtrLink:networkIF:networkIF, output_port_stalls, , Accumulator, 1594580000, 0, 0, 0, 0, 0, 0
nic52:rtrLink:networkIF:networkIF, idle_time, , Accumulator, 1594580000, 0, 1073909000, 101468346317000000, 123, 10000, 121150000
nic53:rtrLink:networkIF:networkIF, packet_latency, , Accumulator, 1594580000, 0, 4645515, 100142983023, 735, 304, 49918
nic53:rtrLink:networkIF:networkIF, send_bit_count, , Accumulator, 1594580000, 0, 5873000, 94002305600, 735, 360, 16384
nic53:rtrLink:networkIF:networkIF, output_port_stalls, , Accumulator, 1594580000, 0, 0, 0, 0, 0, 0
nic53:rtrLink:networkIF:networkIF, idle_time, , Accumulator, 1594580000, 0, 1035524000, 50246348608000000, 157, 10000, 73478000
nic0:rtrLink:networkIF:networkIF, packet_latency, , Accumulator, 1594580000, 0, 24502, 4818220, 273, 64, 1102
nic0:rtrLink:networkIF:networkIF, send_bit_count, , Accumulator, 1594580000, 0, 2181400, 34915142080, 273, 360, 16384
nic0:rtrLink:networkIF:networkIF, output_port_stalls, , Accumulator, 1594580000, 0, 0, 0, 0, 0, 0
nic0:rtrLink:networkIF:networkIF, idle_time, , Accumulator, 1594580000, 0, 705264000, 45930993664000000, 23, 18000, 76612000
nic1:rtrLink:networkIF:networkIF, packet_latency, , Accumulator, 1594580000, 0, 326054, 458026826, 756, 62, 4974
nic1:rtrLink:networkIF:networkIF, send_bit_count, , Accumulator, 1594580000, 0, 6040800, 96688085760, 756, 360, 16384
nic1:rtrLink:networkIF:networkIF, output_port_stalls, , Accumulator, 1594580000, 0, 0, 0, 0, 0, 0
nic1:rtrLink:networkIF:networkIF, idle_time, , Accumulator, 1594580000, 0, 648974000, 18121205108000000, 158, 6000, 48670000
nic2:rtrLink:networkIF:networkIF, packet_latency, , Accumulator, 1594580000, 0, 487501, 1462753369, 756, 61, 16398
nic2:rtrLink:networkIF:networkIF, send_bit_count, , Accumulator, 1594580000, 0, 6040800, 96688085760, 756, 360, 16384
nic2:rtrLink:networkIF:networkIF, output_port_stalls, , Accumulator, 1594580000, 0, 0, 0, 0, 0, 0
nic2:rtrLink:networkIF:networkIF, idle_time, , Accumulator, 1594580000, 0, 630474000, 14218032420000000, 155, 6000, 43022000
nic3:rtrLink:networkIF:networkIF, packet_latency, , Accumulator, 1594580000, 0, 2078122, 10750555570, 756, 221, 16126
nic3:rtrLink:networkIF:networkIF, send_bit_count, , Accumulator, 1594580000, 0, 6040800, 96688085760, 756, 360, 16384
nic3:rtrLink:networkIF:networkIF, output_port_stalls, , Accumulator, 1594580000, 0, 0, 0, 0, 0, 0
nic3:rtrLink:networkIF:networkIF, idle_time, , Accumulator, 1594580000, 0, 637021000, 9688719463000000, 166, 2000, 33094000
nic4:rtrLink:networkIF:networkIF, packet_latency, , Accumulator, 1594580000, 0, 2315332, 16748792492, 756, 222, 17246
nic4:rtrLink:networkIF:networkIF, send_bit_count, , Accumulator, 1594580000, 0, 6040800, 96688085760, 756, 360, 16384
nic4:rtrLink:networkIF:networkIF, output_port_stalls, , Accumulator, 1594580000, 0, 0, 0, 0, 0, 0
nic4:rtrLink:networkIF:networkIF, idle_time, , Accumulator, 1594580000, 0, 646906000, 10109171468000000, 152, 2000, 33358000
nic5:rtrLink:networkIF:networkIF, packet_latency, , Accumulator, 1594580000, 0, 2558923, 19490816543, 756, 222, 16425
nic5:rtrLink:networkIF:networkIF, send_bit_count, , Accumulator, 1594580000, 0, 6040800, 96688085760, 756, 360, 16384
nic5:rtrLink:networkIF:networkIF, output_port_stalls, , Accumulator, 1594580000, 0, 0, 0, 0, 0, 0
nic5:rtrLink:networkIF:networkIF, idle_time, , Accumulator, 1594580000, 0, 615642000, 10817090420000000, 144, 2000, 44606000
nic6:rtrLink:networkIF:networkIF, packet_latency, , Accumulator, 1594580000, 0, 2305516, 13992150358, 756, 155, 12606
nic6:rtrLink:networkIF:networkIF, send_bit_count, , Accumulator, 1594580000, 0, 6040800, 96688085760, 756, 360, 16384
nic6:rtrLink:networkIF:networkIF, output_port_stalls, , Accumulator, 1594580000, 0, 0, 0, 0, 0, 0
nic6:rtrLink:networkIF:networkIF, idle_time, , Accumulator, 1594580000, 0, 677841000, 14002469161000000, 158, 2000, 41542000
nic7:rtrLink:networkIF:networkIF, packet_latency, , Accumulator, 1594580000, 0, 1798198, 8894081484, 756, 141, 13462
nic7:rtrLink:networkIF:networkIF, send_bit_count, , Accumulator, 1594580000, 0, 6040800, 96688085760, 756, 360, 16384
nic7:rtrLink:networkIF:networkIF, output_port_stalls, , Accumulator, 1594580000, 0, 0, 0, 0, 0, 0
nic7:rtrLink:networkIF:networkIF, idle_time, , Accumulator, 1594580000, 0, 798481000, 29998140177000000, 163, 2000, 61374000
nic8:rtrLink:networkIF:networkIF, packet_latency, , Accumulator, 1594580000, 0, 1089887, 3867254793, 756, 142, 24234
nic8:rtrLink:networkIF:networkIF, send_bit_count, , Accumulator, 1594580000, 0, 6040800, 96688085760, 756, 360, 16384
nic8:rtrLink:networkIF:networkIF, output_port_stalls, , Accumulator, 1594580000, 0, 0, 0, 0, 0, 0
nic8:rtrLink:networkIF:networkIF, idle_time, , Accumulator, 1594580000, 0, 894898000, 40386360596000000, 165, 18000, 74670000
nic9:rtrLink:networkIF:networkIF, packet_latency, , Accumulator, 1594580000, 0, 2161606, 23565808596, 756, 206, 28478
nic54:rtrLink:networkIF:networkIF, packet_latency, , Accumulator, 1594580000, 0, 497248, 2092301768, 252, 222, 11934
nic54:rtrLink:networkIF:networkIF, send_bit_count, , Accumulator, 1594580000, 0, 2013600, 32229361920, 252, 360, 16384
nic54:rtrLink:networkIF:networkIF, output_port_stalls, , Accumulator, 1594580000, 0, 0, 0, 0, 0, 0
nic54:rtrLink:networkIF:networkIF, idle_time, , Accumulator, 1594580000, 0, 1386820000, 166714248918000000, 75, 68000, 133242000
nic55:rtrLink:networkIF:networkIF, packet_latency, , Accumulator, 1594580000, 0, 704454, 4434493420, 252, 230, 13806
nic55:rtrLink:networkIF:networkIF, send_bit_count, , Accumulator, 1594580000, 0, 2013600, 32229361920, 252, 360, 16384
nic55:rtrLink:networkIF:networkIF, output_port_stalls, , Accumulator, 1594580000, 0, 0, 0, 0, 0, 0
nic55:rtrLink:networkIF:networkIF, idle_time, , Accumulator, 1594580000, 0, 1360668000, 154607977574000000, 64, 2000, 139490000
nic56:rtrLink:networkIF:networkIF, packet_latency, , Accumulator, 1594580000, 0, 549688, 2766757048, 252, 226, 14158
nic56:rtrLink:networkIF:networkIF, send_bit_count, , Accumulator, 1594580000, 0, 2013600, 32229361920, 252, 360, 16384
nic56:rtrLink:networkIF:networkIF, output_port_stalls, , Accumulator, 1594580000, 0, 0, 0, 0, 0, 0
nic56:rtrLink:networkIF:networkIF, idle_time, , Accumulator, 1594580000, 0, 1350308000, 151283702304000000, 77, 18000, 138206000
nic57:rtrLink:networkIF:networkIF, packet_latency, , Accumulator, 1594580000, 0, 763210, 4405636596, 252, 384, 14990
nic57:rtrLink:networkIF:networkIF, send_bit_count, , Accumulator, 1594580000, 0, 2013600, 32229361920, 252, 360, 16384
nic57:rtrLink:networkIF:networkIF, output_port_stalls, , Accumulator, 1594580000, 0, 0, 0, 0, 0, 0
nic57:rtrLink:networkIF:networkIF, idle_time, , Accumulator, 1594580000, 0, 1347690000, 162558081266000000, 48, 32000, 139502000
nic58:rtrLink:networkIF:networkIF, packet_latency, , Accumulator, 1594580000, 0, 491516, 1680179142, 252, 366, 12782
nic58:rtrLink:networkIF:networkIF, send_bit_count, , Accumulator, 1594580000, 0, 2013600, 32229361920, 252, 360, 16384
nic58:rtrLink:networkIF:networkIF, output_port_stalls, , Accumulator, 1594580000, 0, 0, 0, 0, 0, 0
nic58:rtrLink:networkIF:networkIF, idle_time, , Accumulator, 1594580000, 0, 1362094000, 100041410538000000, 75, 18000, 108910000
nic59:rtrLink:networkIF:networkIF, packet_latency, , Accumulator, 1594580000, 0, 648091, 2615811931, 252, 382, 10942
nic59:rtrLink:networkIF:networkIF, send_bit_count, , Accumulator, 1594580000, 0, 2013600, 32229361920, 252, 360, 16384
nic59:rtrLink:networkIF:networkIF, output_port_stalls, , Accumulator, 1594580000, 0, 0, 0, 0, 0, 0
nic59:rtrLink:networkIF:networkIF, idle_time, , Accumulator, 1594580000, 0, 1376720000, 168436568294000000, 63, 2000, 133694000
nic60:rtrLink:networkIF:networkIF, packet_latency, , Accumulator, 1594580000, 0, 1337913, 10278109239, 252, 299, 14478
nic60:rtrLink:networkIF:networkIF, send_bit_count, , Accumulator, 1594580000, 0, 2013600, 32229361920, 252, 360, 16384
nic60:rtrLink:networkIF:networkIF, output_port_stalls, , Accumulator, 1594580000, 0, 0, 0, 0, 0, 0
nic60:rtrLink:networkIF:networkIF, idle_time, , Accumulator, 1594580000, 0, 1378736000, 162322390696000000, 110, 18000, 132386000
nic61:rtrLink:networkIF:networkIF, packet_latency, , Accumulator, 1594580000, 0, 2796544, 34169079832, 252, 306, 19966
nic61:rtrLink:networkIF:networkIF, send_bit_count, , Accumulator, 1594580000, 0, 2013600, 32229361920, 252, 360, 16384
nic61:rtrLink:networkIF:networkIF, output_port_stalls, , Accumulator, 1594580000, 0, 0, 0, 0, 0, 0
nic61:rtrLink:networkIF:networkIF, idle_time, , Accumulator, 1594580000, 0, 1400228000, 171559892000000000, 86, 32000, 141902000
nic62:rtrLink:networkIF:networkIF, packet_latency, , Accumulator, 1594580000, 0, 3393540, 50583570814, 252, 450, 23966
nic62:rtrLink:networkIF:networkIF, send_bit_count, , Accumulator, 1594580000, 0, 2013600, 32229361920, 252, 360, 16384
nic62:rtrLink:networkIF:networkIF, output_port_stalls, , Accumulator, 1594580000, 0, 0, 0, 0, 0, 0
nic62:rtrLink:networkIF:networkIF, idle_time, , Accumulator, 1594580000, 0, 1392720000, 171175732776000000, 85, 18000, 148238000
nic63:rtrLink:networkIF:networkIF, packet_latency, , Accumulator, 1594580000, 0, 138378, 123484668, 252, 224, 1390
nic63:rtrLink:networkIF:networkIF, send_bit_count, , Accumulator, 1594580000, 0, 2013600, 32229361920, 252, 360, 16384
nic63:rtrLink:networkIF:networkIF, output_port_stalls, , Accumulator, 1594580000, 0, 0, 0, 0, 0, 0
nic63:rtrLink:networkIF:networkIF, idle_time, , Accumulator, 1594580000, 0, 1408244000, 98722247872000000, 48, 32000, 97070000
nic64:rtrLink:networkIF:networkIF, packet_latency, , Accumulator, 1594580000, 0, 257796, 370200598, 252, 221, 2350
nic64:rtrLink:networkIF:networkIF, send_bit_count, , Accumulator, 1594580000, 0, 2013600, 32229361920, 252, 360, 16384
nic64:rtrLink:networkIF:networkIF, output_port_stalls, , Accumulator, 1594580000, 0, 0, 0, 0, 0, 0
nic64:rtrLink:networkIF:networkIF, idle_time, , Accumulator, 1594580000, 0, 1430394000, 186323254044000000, 34, 16000, 141906000
nic65:rtrLink:networkIF:networkIF, packet_latency, , Accumulator, 1594580000, 0, 177410, 233485244, 252, 226, 2318
nic65:rtrLink:networkIF:networkIF, send_bit_count, , Accumulator, 1594580000, 0, 2013600, 32229361920, 252, 360, 16384
nic65:rtrLink:networkIF:networkIF, output_port_stalls, , Accumulator, 1594580000, 0, 0, 0, 0, 0, 0
nic65:rtrLink:networkIF:networkIF, idle_time, , Accumulator, 1594580000, 0, 1424884000, 183193485360000000, 47, 32000, 141514000
nic66:rtrLink:networkIF:networkIF, packet_latency, , Accumulator, 1594580000, 0, 230324, 546769760, 252, 158, 9742
nic66:rtrLink:networkIF:networkIF, send_bit_count, , Accumulator, 1594580000, 0, 2013600, 32229361920, 252, 360, 16384
nic66:rtrLink:networkIF:networkIF, output_port_stalls, , Accumulator, 1594580000, 0, 0, 0, 0, 0, 0
nic66:rtrLink:networkIF:networkIF, idle_time, , Accumulator, 1594580000, 0, 1411196000, 175128996656000000, 68, 32000, 140210000
nic67:rtrLink:networkIF:networkIF, packet_latency, , Accumulator, 1594580000, 0, 2009553, 21368156433, 252, 237, 16080
nic67:rtrLink:networkIF:networkIF, send_bit_count, , Accumulator, 1594580000, 0, 2013600, 32229361920, 252, 360, 16384
nic67:rtrLink:networkIF:networkIF, output_port_stalls, , Accumulator, 1594580000, 0, 0, 0, 0, 0, 0
nic67:rtrLink:networkIF:networkIF, idle_time, , Accumulator, 1594580000, 0, 1379820000, 155582799504000000, 105, 32000, 131826000
nic68:rtrLink:networkIF:networkIF, packet_latency, , Accumulator, 1594580000, 0, 2323676, 27633297376, 252, 240, 18794
nic68:rtrLink:networkIF:networkIF, send_bit_count, , Accumulator, 1594580000, 0, 2013600, 32229361920, 252, 360, 16384
nic68:rtrLink:networkIF:networkIF, output_port_stalls, , Accumulator, 1594580000, 0, 0, 0, 0, 0, 0
nic68:rtrLink:networkIF:networkIF, idle_time, , Accumulator, 1594580000, 0, 1366584000, 150282982392000000, 99, 32000, 131762000
nic69:rtrLink:networkIF:networkIF, packet_latency, , Accumulator, 1594580000, 0, 400266, 1451284636, 252, 224, 8238
nic69:rtrLink:networkIF:networkIF, send_bit_count, , Accumulator, 1594580000, 0, 2013600, 32229361920, 252, 360, 16384
nic69:rtrLink:networkIF:networkIF, output_port_stalls, , Accumulator, 1594580000, 0, 0, 0, 0, 0, 0
nic69:rtrLink:networkIF:networkIF, idle_time, , Accumulator, 1594580000, 0, 1396918000, 102131609356000000, 80, 32000, 98682000
nic70:rtrLink:networkIF:networkIF, packet_latency, , Accumulator, 1594580000, 0, 1158550, 6406545884, 252, 238, 7854
nic70:rtrLink:networkIF:networkIF, send_bit_count, , Accumulator, 1594580000, 0, 2013600, 32229361920, 252, 360, 16384
nic70:rtrLink:networkIF:networkIF, output_port_stalls, , Accumulator, 1594580000, 0, 0, 0, 0, 0, 0
nic70:rtrLink:networkIF:networkIF, idle_time, , Accumulator, 1594580000, 0, 1417648000, 178388335624000000, 70, 16000, 141906000
nic71:rtrLink:networkIF:networkIF, packet_latency, , Accumulator, 1594580000, 0, 2005680, 18611555992, 252, 224, 19886
nic71:rtrLink:networkIF:networkIF, send_bit_count, , Accumulator, 1594580000, 0, 2013600, 32229361920, 252, 360, 16384
nic71:rtrLink:networkIF:networkIF, output_port_stalls, , Accumulator, 1594580000, 0, 0, 0, 0, 0, 0
nic71:rtrLink:networkIF:networkIF, idle_time, , Accumulator, 1594580000, 0, 1420708000, 176769364456000000, 77, 16000, 141882000
nic9:rtrLink:networkIF:networkIF, send_bit_count, , Accumulator, 1594580000, 0, 6040800, 96688085760, 756, 360, 16384
nic9:rtrLink:networkIF:networkIF, output_port_stalls, , Accumulator, 1594580000, 0, 0, 0, 0, 0, 0
nic9:rtrLink:networkIF:networkIF, idle_time, , Accumulator, 1594580000, 0, 661582000, 19236206932000000, 150, 2000, 54622000
nic10:rtrLink:networkIF:networkIF, packet_latency, , Accumulator, 1594580000, 0, 3090967, 31621078233, 756, 238, 29854
nic10:rtrLink:networkIF:networkIF, send_bit_count, , Accumulator, 1594580000, 0, 6040800, 96688085760, 756, 360, 16384
nic10:rtrLink:networkIF:networkIF, output_port_stalls, , Accumulator, 1594580000, 0, 0, 0, 0, 0, 0
nic10:rtrLink:networkIF:networkIF, idle_time, , Accumulator, 1594580000, 0, 707470000, 18018636774000000, 169, 2000, 52478000
nic11:rtrLink:networkIF:networkIF, packet_latency, , Accumulator, 1594580000, 0, 2893708, 23019904944, 756, 232, 19318
nic11:rtrLink:networkIF:networkIF, send_bit_count, , Accumulator, 1594580000, 0, 6040800, 96688085760, 756, 360, 16384
nic11:rtrLink:networkIF:networkIF, output_port_stalls, , Accumulator, 1594580000, 0, 0, 0, 0, 0, 0
nic11:rtrLink:networkIF:networkIF, idle_time, , Accumulator, 1594580000, 0, 787722000, 17991712650000000, 144, 10000, 45742000
nic12:rtrLink:networkIF:networkIF, packet_latency, , Accumulator, 1594580000, 0, 2223074, 20392711100, 756, 154, 23518
nic12:rtrLink:networkIF:networkIF, send_bit_count, , Accumulator, 1594580000, 0, 6040800, 96688085760, 756, 360, 16384
nic12:rtrLink:networkIF:networkIF, output_port_stalls, , Accumulator, 1594580000, 0, 0, 0, 0, 0, 0
nic12:rtrLink:networkIF:networkIF, idle_time, , Accumulator, 1594580000, 0, 788448000, 21246903128000000, 163, 16000, 55902000
nic13:rtrLink:networkIF:networkIF, packet_latency, , Accumulator, 1594580000, 0, 3741122, 48780081576, 756, 148, 29630
nic13:rtrLink:networkIF:networkIF, send_bit_count, , Accumulator, 1594580000, 0, 6040800, 96688085760, 756, 360, 16384
nic13:rtrLink:networkIF:networkIF, output_port_stalls, , Accumulator, 1594580000, 0, 0, 0, 0, 0, 0
nic13:rtrLink:networkIF:networkIF, idle_time, , Accumulator, 1594580000, 0, 815868000, 22684075592000000, 178, 4000, 49062000
nic14:rtrLink:networkIF:networkIF, packet_latency, , Accumulator, 1594580000, 0, 5269063, 83193144279, 756, 156, 34782
nic14:rtrLink:networkIF:networkIF, send_bit_count, , Accumulator, 1594580000, 0, 6040800, 96688085760, 756, 360, 16384
nic14:rtrLink:networkIF:networkIF, output_port_stalls, , Accumulator, 1594580000, 0, 0, 0, 0, 0, 0
nic14:rtrLink:networkIF:networkIF, idle_time, , Accumulator, 1594580000, 0, 934296000, 56500230568000000, 198, 10000, 81350000
nic15:rtrLink:networkIF:networkIF, packet_latency, , Accumulator, 1594580000, 0, 1897973, 7255592759, 756, 142, 10686
nic15:rtrLink:networkIF:networkIF, send_bit_count, , Accumulator, 1594580000, 0, 6040800, 96688085760, 756, 360, 16384
nic15:rtrLink:networkIF:networkIF, output_port_stalls, , Accumulator, 1594580000, 0, 0, 0, 0, 0, 0
nic15:rtrLink:networkIF:networkIF, idle_time, , Accumulator, 1594580000, 0, 848291000, 36664870945000000, 151, 2000, 66462000
nic16:rtrLink:networkIF:networkIF, packet_latency, , Accumulator, 1594580000, 0, 2048564, 12202609424, 756, 146, 22238
nic16:rtrLink:networkIF:networkIF, send_bit_count, , Accumulator, 1594580000, 0, 6040800, 96688085760, 756, 360, 16384
nic16:rtrLink:networkIF:networkIF, output_port_stalls, , Accumulator, 1594580000, 0, 0, 0, 0, 0, 0
nic16:rtrLink:networkIF:networkIF, idle_time, , Accumulator, 1594580000, 0, 941162000, 61912039138000000, 134, 14000, 89582000
nic17:rtrLink:networkIF:networkIF, packet_latency, , Accumulator, 1594580000, 0, 2463881, 18797615675, 756, 146, 20222
nic17:rtrLink:networkIF:networkIF, send_bit_count, , Accumulator, 1594580000, 0, 6040800, 96688085760, 756, 360, 16384
nic17:rtrLink:networkIF:networkIF, output_port_stalls, , Accumulator, 1594580000, 0, 0, 0, 0, 0, 0
nic17:rtrLink:networkIF:networkIF, idle_time, , Accumulator, 1594580000, 0, 881763000, 49344459617000000, 150, 2000, 78030000
nic18:rtrLink:networkIF:networkIF, packet_latency, , Accumulator, 1594580000, 0, 4001856, 55925161560, 756, 158, 26894
nic18:rtrLink:networkIF:networkIF, send_bit_count, , Accumulator, 1594580000, 0, 6040800, 96688085760, 756, 360, 16384
nic18:rtrLink:networkIF:networkIF, output_port_stalls, , Accumulator, 1594580000, 0, 0, 0, 0, 0, 0
nic18:rtrLink:networkIF:networkIF, idle_time, , Accumulator, 1594580000, 0, 807196000, 39381794840000000, 147, 2000, 80526000
nic19:rtrLink:networkIF:networkIF, packet_latency, , Accumulator, 1594580000, 0, 3686022, 47370033086, 756, 158, 26798
nic19:rtrLink:networkIF:networkIF, send_bit_count, , Accumulator, 1594580000, 0, 6040800, 96688085760, 756, 360, 16384
nic19:rtrLink:networkIF:networkIF, output_port_stalls, , Accumulator, 1594580000, 0, 0, 0, 0, 0, 0
nic19:rtrLink:networkIF:networkIF, idle_time, , Accumulator, 1594580000, 0, 782784000, 35510311280000000, 151, 14000, 76030000
nic20:rtrLink:networkIF:networkIF, packet_latency, , Accumulator, 1594580000, 0, 2964792, 29975482344, 756, 216, 33022
nic20:rtrLink:networkIF:networkIF, send_bit_count, , Accumulator, 1594580000, 0, 6040800, 96688085760, 756, 360, 16384
nic20:rtrLink:networkIF:networkIF, output_port_stalls, , Accumulator, 1594580000, 0, 0, 0, 0, 0, 0
nic20:rtrLink:networkIF:networkIF, idle_time, , Accumulator, 1594580000, 0, 786546000, 36267622724000000, 141, 14000, 71774000
nic21:rtrLink:networkIF:networkIF, packet_latency, , Accumulator, 1594580000, 0, 3134157, 24825716207, 756, 302, 20982
nic21:rtrLink:networkIF:networkIF, send_bit_count, , Accumulator, 1594580000, 0, 6040800, 96688085760, 756, 360, 16384
nic21:rtrLink:networkIF:networkIF, output_port_stalls, , Accumulator, 1594580000, 0, 0, 0, 0, 0, 0
nic21:rtrLink:networkIF:networkIF, idle_time, , Accumulator, 1594580000, 0, 832640000, 43342157908000000, 160, 2000, 72878000
nic22:rtrLink:networkIF:networkIF, packet_latency, , Accumulator, 1594580000, 0, 3040123, 27990059999, 756, 302, 26302
nic22:rtrLink:networkIF:networkIF, send_bit_count, , Accumulator, 1594580000, 0, 6040800, 96688085760, 756, 360, 16384
nic22:rtrLink:networkIF:networkIF, output_port_stalls, , Accumulator, 1594580000, 0, 0, 0, 0, 0, 0
nic22:rtrLink:networkIF:networkIF, idle_time, , Accumulator, 1594580000, 0, 771438000, 31977032464000000, 147, 10000, 67878000
nic23:rtrLink:networkIF:networkIF, packet_latency, , Accumulator, 1594580000, 0, 2704730, 25773480652, 756, 158, 25870
nic23:rtrLink:networkIF:networkIF, send_bit_count, , Accumulator, 1594580000, 0, 6040800, 96688085760, 756, 360, 16384
nic23:rtrLink:networkIF:networkIF, output_port_stalls, , Accumulator, 1594580000, 0, 0, 0, 0, 0, 0
nic23:rtrLink:networkIF:networkIF, idle_time, , Accumulator, 1594580000, 0, 764570000, 37596330972000000, 102, 16000, 68990000
nic24:rtrLink:networkIF:networkIF, packet_latency, , Accumulator, 1594580000, 0, 1390292, 5399543290, 756, 158, 9662
nic24:rtrLink:networkIF:networkIF, send_bit_count, , Accumulator, 1594580000, 0, 6040800, 96688085760, 756, 360, 16384
nic24:rtrLink:networkIF:networkIF, output_port_stalls, , Accumulator, 1594580000, 0, 0, 0, 0, 0, 0
nic24:rtrLink:networkIF:networkIF, idle_time, , Accumulator, 1594580000, 0, 935976000, 62132927240000000, 156, 14000, 87022000
nic25:rtrLink:networkIF:networkIF, packet_latency, , Accumulator, 1594580000, 0, 2118206, 10211300746, 756, 158, 12750
nic25:rtrLink:networkIF:networkIF, send_bit_count, , Accumulator, 1594580000, 0, 6040800, 96688085760, 756, 360, 16384
nic25:rtrLink:networkIF:networkIF, output_port_stalls, , Accumulator, 1594580000, 0, 0, 0, 0, 0, 0
nic25:rtrLink:networkIF:networkIF, idle_time, , Accumulator, 1594580000, 0, 798722000, 29817478276000000, 172, 14000, 69422000
nic26:rtrLink:networkIF:networkIF, packet_latency, , Accumulator, 1594580000, 0, 1832276, 8689898564, 756, 302, 12990
nic26:rtrLink:networkIF:networkIF, send_bit_count, , Accumulator, 1594580000, 0, 6040800, 96688085760, 756, 360, 16384
nic26:rtrLink:networkIF:networkIF, output_port_stalls, , Accumulator, 1594580000, 0, 0, 0, 0, 0, 0
nic26:rtrLink:networkIF:networkIF, idle_time, , Accumulator, 1594580000, 0, 798581000, 25734922353000000, 157, 14000, 53702000
nic27:rtrLink:networkIF:networkIF, packet_latency, , Accumulator, 1594580000, 0, 3260406, 29680081874, 756, 224, 30766
nic27:rtrLink:networkIF:networkIF, send_bit_count, , Accumulator, 1594580000, 0, 6040800, 96688085760, 756, 360, 16384
nic27:rtrLink:networkIF:networkIF, output_port_stalls, , Accumulator, 1594580000, 0, 0, 0, 0, 0, 0
nic27:rtrLink:networkIF:networkIF, idle_time, , Accumulator, 1594580000, 0, 1080374000, 96392803324000000, 113, 6000, 104428000
nic28:rtrLink:networkIF:networkIF, packet_latency, , Accumulator, 1594580000, 0, 3583012, 28451570880, 756, 224, 31790
nic28:rtrLink:networkIF:networkIF, send_bit_count, , Accumulator, 1594580000, 0, 6040800, 96688085760, 756, 360, 16384
nic28:rtrLink:networkIF:networkIF, output_port_stalls, , Accumulator, 1594580000, 0, 0, 0, 0, 0, 0
nic28:rtrLink:networkIF:networkIF, idle_time, , Accumulator, 1594580000, 0, 1133473000, 112960728515000000, 96, 14000, 113446000
nic29:rtrLink:networkIF:networkIF, packet_latency, , Accumulator, 1594580000, 0, 2838079, 18001249115, 756, 222, 16203
nic29:rtrLink:networkIF:networkIF, send_bit_count, , Accumulator, 1594580000, 0, 6040800, 96688085760, 756, 360, 16384
nic29:rtrLink:networkIF:networkIF, output_port_stalls, , Accumulator, 1594580000, 0, 0, 0, 0, 0, 0
nic29:rtrLink:networkIF:networkIF, idle_time, , Accumulator, 1594580000, 0, 1045424000, 74315805842000000, 140, 4000, 88878000
nic30:rtrLink:networkIF:networkIF, packet_latency, , Accumulator, 1594580000, 0, 3509264, 91840831792, 756, 322, 58318
nic30:rtrLink:networkIF:networkIF, send_bit_count, , Accumulator, 1594580000, 0, 6040800, 96688085760, 756, 360, 16384
nic30:rtrLink:networkIF:networkIF, output_port_stalls, , Accumulator, 1594580000, 0, 0, 0, 0, 0, 0
nic30:rtrLink:networkIF:networkIF, idle_time, , Accumulator, 1594580000, 0, 1032201000, 90176344569000000, 108, 18000, 104542000
nic31:rtrLink:networkIF:networkIF, packet_latency, , Accumulator, 1594580000, 0, 3558254, 75155366294, 756, 234, 62542
nic31:rtrLink:networkIF:networkIF, send_bit_count, , Accumulator, 1594580000, 0, 6040800, 96688085760, 756, 360, 16384
nic31:rtrLink:networkIF:networkIF, output_port_stalls, , Accumulator, 1594580000, 0, 0, 0, 0, 0, 0
nic31:rtrLink:networkIF:networkIF, idle_time, , Accumulator, 1594580000, 0, 1016340000, 52386817520000000, 100, 8000, 73230000
nic32:rtrLink:networkIF:networkIF, packet_latency, , Accumulator, 1594580000, 0, 4194214, 37403914374, 756, 162, 25582
nic32:rtrLink:networkIF:networkIF, send_bit_count, , Accumulator, 1594580000, 0, 6040800, 96688085760, 756, 360, 16384
nic32:rtrLink:networkIF:networkIF, output_port_stalls, , Accumulator, 1594580000, 0, 0, 0, 0, 0, 0
nic32:rtrLink:networkIF:networkIF, idle_time, , Accumulator, 1594580000, 0, 1163434000, 123100534380000000, 54, 6000, 118346000
nic33:rtrLink:networkIF:networkIF, packet_latency, , Accumulator, 1594580000, 0, 3395604, 31452078738, 756, 238, 29710
nic33:rtrLink:networkIF:networkIF, send_bit_count, , Accumulator, 1594580000, 0, 6040800, 96688085760, 756, 360, 16384
nic33:rtrLink:networkIF:networkIF, output_port_stalls, , Accumulator, 1594580000, 0, 0, 0, 0, 0, 0
nic33:rtrLink:networkIF:networkIF, idle_time, , Accumulator, 1594580000, 0, 1065680000, 96620338890000000, 96, 14000, 109326000
nic34:rtrLink:networkIF:networkIF, packet_latency, , Accumulator, 1594580000, 0, 3243371, 32112358193, 756, 242, 34990
nic34:rtrLink:networkIF:networkIF, send_bit_count, , Accumulator, 1594580000, 0, 6040800, 96688085760, 756, 360, 16384
nic34:rtrLink:networkIF:networkIF, output_port_stalls, , Accumulator, 1594580000, 0, 0, 0, 0, 0, 0
nic34:rtrLink:networkIF:networkIF, idle_time, , Accumulator, 1594580000, 0, 955110000, 59021044268000000, 144, 18000, 84750000
nic35:rtrLink:networkIF:networkIF, packet_latency, , Accumulator, 1594580000, 0, 5941586, 75616112634, 756, 158, 26046
nic35:rtrLink:networkIF:networkIF, send_bit_count, , Accumulator, 1594580000, 0, 6040800, 96688085760, 756, 360, 16384
nic35:rtrLink:networkIF:networkIF, output_port_stalls, , Accumulator, 1594580000, 0, 0, 0, 0, 0, 0
nic35:rtrLink:networkIF:networkIF, idle_time, , Accumulator, 1594580000, 0, 1079986000, 96810436348000000, 112, 16000, 105134000
nic72:rtrLink:networkIF:networkIF, packet_latency, , Accumulator, 1594580000, 0, 1418166, 17575072644, 252, 142, 20094
nic72:rtrLink:networkIF:networkIF, send_bit_count, , Accumulator, 1594580000, 0, 2013600, 32229361920, 252, 360, 16384
nic72:rtrLink:networkIF:networkIF, output_port_stalls, , Accumulator, 1594580000, 0, 0, 0, 0, 0, 0
nic72:rtrLink:networkIF:networkIF, idle_time, , Accumulator, 1594580000, 0, 1365648000, 116027587920000000, 74, 32000, 114386000
nic73:rtrLink:networkIF:networkIF, packet_latency, , Accumulator, 1594580000, 0, 674972, 3939350280, 252, 158, 12702
nic73:rtrLink:networkIF:networkIF, send_bit_count, , Accumulator, 1594580000, 0, 2013600, 32229361920, 252, 360, 16384
nic73:rtrLink:networkIF:networkIF, output_port_stalls, , Accumulator, 1594580000, 0, 0, 0, 0, 0, 0
nic73:rtrLink:networkIF:networkIF, idle_time, , Accumulator, 1594580000, 0, 1374484000, 158471742480000000, 89, 32000, 135474000
nic74:rtrLink:networkIF:networkIF, packet_latency, , Accumulator, 1594580000, 0, 1717076, 16928914176, 252, 144, 22366
nic74:rtrLink:networkIF:networkIF, send_bit_count, , Accumulator, 1594580000, 0, 2013600, 32229361920, 252, 360, 16384
nic74:rtrLink:networkIF:networkIF, output_port_stalls, , Accumulator, 1594580000, 0, 0, 0, 0, 0, 0
nic74:rtrLink:networkIF:networkIF, idle_time, , Accumulator, 1594580000, 0, 1358660000, 146775157680000000, 100, 18000, 131186000
nic75:rtrLink:networkIF:networkIF, packet_latency, , Accumulator, 1594580000, 0, 2748034, 40495635988, 252, 208, 26702
nic75:rtrLink:networkIF:networkIF, send_bit_count, , Accumulator, 1594580000, 0, 2013600, 32229361920, 252, 360, 16384
nic75:rtrLink:networkIF:networkIF, output_port_stalls, , Accumulator, 1594580000, 0, 0, 0, 0, 0, 0
nic75:rtrLink:networkIF:networkIF, idle_time, , Accumulator, 1594580000, 0, 1285598000, 142388345616000000, 69, 18000, 126030000
nic76:rtrLink:networkIF:networkIF, packet_latency, , Accumulator, 1594580000, 0, 1946097, 27908820893, 252, 222, 27006
nic76:rtrLink:networkIF:networkIF, send_bit_count, , Accumulator, 1594580000, 0, 2013600, 32229361920, 252, 360, 16384
nic76:rtrLink:networkIF:networkIF, output_port_stalls, , Accumulator, 1594580000, 0, 0, 0, 0, 0, 0
nic76:rtrLink:networkIF:networkIF, idle_time, , Accumulator, 1594580000, 0, 1278628000, 97335422942000000, 94, 2000, 104990000
nic77:rtrLink:networkIF:networkIF, packet_latency, , Accumulator, 1594580000, 0, 3067876, 49880354192, 252, 230, 27758
nic77:rtrLink:networkIF:networkIF, send_bit_count, , Accumulator, 1594580000, 0, 2013600, 32229361920, 252, 360, 16384
nic77:rtrLink:networkIF:networkIF, output_port_stalls, , Accumulator, 1594580000, 0, 0, 0, 0, 0, 0
nic77:rtrLink:networkIF:networkIF, idle_time, , Accumulator, 1594580000, 0, 1269266000, 129624214488000000, 82, 18000, 124850000
nic78:rtrLink:networkIF:networkIF, packet_latency, , Accumulator, 1594580000, 0, 610814, 2854577804, 252, 144, 13950
nic78:rtrLink:networkIF:networkIF, send_bit_count, , Accumulator, 1594580000, 0, 2013600, 32229361920, 252, 360, 16384
nic78:rtrLink:networkIF:networkIF, output_port_stalls, , Accumulator, 1594580000, 0, 0, 0, 0, 0, 0
nic78:rtrLink:networkIF:networkIF, idle_time, , Accumulator, 1594580000, 0, 1375452000, 159747181520000000, 102, 32000, 137154000
nic79:rtrLink:networkIF:networkIF, packet_latency, , Accumulator, 1594580000, 0, 2744154, 45048277852, 252, 142, 34750
nic79:rtrLink:networkIF:networkIF, send_bit_count, , Accumulator, 1594580000, 0, 2013600, 32229361920, 252, 360, 16384
nic79:rtrLink:networkIF:networkIF, output_port_stalls, , Accumulator, 1594580000, 0, 0, 0, 0, 0, 0
nic79:rtrLink:networkIF:networkIF, idle_time, , Accumulator, 1594580000, 0, 1350308000, 144188123496000000, 117, 32000, 154918000
nic80:rtrLink:networkIF:networkIF, packet_latency, , Accumulator, 1594580000, 0, 4575134, 108472838284, 252, 158, 40926
nic80:rtrLink:networkIF:networkIF, send_bit_count, , Accumulator, 1594580000, 0, 2013600, 32229361920, 252, 360, 16384
nic80:rtrLink:networkIF:networkIF, output_port_stalls, , Accumulator, 1594580000, 0, 0, 0, 0, 0, 0
nic80:rtrLink:networkIF:networkIF, idle_time, , Accumulator, 1594580000, 0, 1314890000, 134016503244000000, 109, 32000, 144422000
nic81:rtrLink:networkIF:networkIF, packet_latency, , Accumulator, 1594580000, 0, 383462, 1036597836, 252, 230, 6846
nic81:rtrLink:networkIF:networkIF, send_bit_count, , Accumulator, 1594580000, 0, 2013600, 32229361920, 252, 360, 16384
nic81:rtrLink:networkIF:networkIF, output_port_stalls, , Accumulator, 1594580000, 0, 0, 0, 0, 0, 0
nic81:rtrLink:networkIF:networkIF, idle_time, , Accumulator, 1594580000, 0, 1369902000, 106884567880000000, 79, 32000, 114518000
nic82:rtrLink:networkIF:networkIF, packet_latency, , Accumulator, 1594580000, 0, 238492, 369087916, 252, 222, 3566
nic82:rtrLink:networkIF:networkIF, send_bit_count, , Accumulator, 1594580000, 0, 2013600, 32229361920, 252, 360, 16384
nic82:rtrLink:networkIF:networkIF, output_port_stalls, , Accumulator, 1594580000, 0, 0, 0, 0, 0, 0
nic82:rtrLink:networkIF:networkIF, idle_time, , Accumulator, 1594580000, 0, 1369924000, 151582990598000000, 82, 18000, 129294000
nic83:rtrLink:networkIF:networkIF, packet_latency, , Accumulator, 1594580000, 0, 263232, 457476168, 252, 206, 5402
nic83:rtrLink:networkIF:networkIF, send_bit_count, , Accumulator, 1594580000, 0, 2013600, 32229361920, 252, 360, 16384
nic83:rtrLink:networkIF:networkIF, output_port_stalls, , Accumulator, 1594580000, 0, 0, 0, 0, 0, 0
nic83:rtrLink:networkIF:networkIF, idle_time, , Accumulator, 1594580000, 0, 1405480000, 176424173656000000, 62, 32000, 159382000
nic84:rtrLink:networkIF:networkIF, packet_latency, , Accumulator, 1594580000, 0, 998423, 8046145523, 252, 135, 18110
nic84:rtrLink:networkIF:networkIF, send_bit_count, , Accumulator, 1594580000, 0, 2013600, 32229361920, 252, 360, 16384
nic84:rtrLink:networkIF:networkIF, output_port_stalls, , Accumulator, 1594580000, 0, 0, 0, 0, 0, 0
nic84:rtrLink:networkIF:networkIF, idle_time, , Accumulator, 1594580000, 0, 1387104000, 139399310464000000, 84, 32000, 143886000
nic85:rtrLink:networkIF:networkIF, packet_latency, , Accumulator, 1594580000, 0, 534954, 4058557588, 252, 144, 18206
nic85:rtrLink:networkIF:networkIF, send_bit_count, , Accumulator, 1594580000, 0, 2013600, 32229361920, 252, 360, 16384
nic85:rtrLink:networkIF:networkIF, output_port_stalls, , Accumulator, 1594580000, 0, 0, 0, 0, 0, 0
nic85:rtrLink:networkIF:networkIF, idle_time, , Accumulator, 1594580000, 0, 1383012000, 93426434496000000, 75, 18000, 97726000
nic86:rtrLink:networkIF:networkIF, packet_latency, , Accumulator, 1594580000, 0, 1048876, 6092581896, 252, 164, 12350
nic86:rtrLink:networkIF:networkIF, send_bit_count, , Accumulator, 1594580000, 0, 2013600, 32229361920, 252, 360, 16384
nic86:rtrLink:networkIF:networkIF, output_port_stalls, , Accumulator, 1594580000, 0, 0, 0, 0, 0, 0
nic86:rtrLink:networkIF:networkIF, idle_time, , Accumulator, 1594580000, 0, 1399122000, 170082092116000000, 99, 32000, 139314000
nic87:rtrLink:networkIF:networkIF, packet_latency, , Accumulator, 1594580000, 0, 1203134, 8400428204, 252, 316, 14014
nic87:rtrLink:networkIF:networkIF, send_bit_count, , Accumulator, 1594580000, 0, 2013600, 32229361920, 252, 360, 16384
nic87:rtrLink:networkIF:networkIF, output_port_stalls, , Accumulator, 1594580000, 0, 0, 0, 0, 0, 0
nic87:rtrLink:networkIF:networkIF, idle_time, , Accumulator, 1594580000, 0, 1350212000, 155491219592000000, 63, 32000, 139282000
nic88:rtrLink:networkIF:networkIF, packet_latency, , Accumulator, 1594580000, 0, 917670, 5430556340, 252, 296, 16862
nic88:rtrLink:networkIF:networkIF, send_bit_count, , Accumulator, 1594580000, 0, 2013600, 32229361920, 252, 360, 16384
nic88:rtrLink:networkIF:networkIF, output_port_stalls, , Accumulator, 1594580000, 0, 0, 0, 0, 0, 0
nic88:rtrLink:networkIF:networkIF, idle_time, , Accumulator, 1594580000, 0, 1329470000, 146733023510000000, 76, 18000, 134874000
nic89:rtrLink:networkIF:networkIF, packet_latency, , Accumulator, 1594580000, 0, 1411807, 11061065457, 252, 318, 18974
nic89:rtrLink:networkIF:networkIF, send_bit_count, , Accumulator, 1594580000, 0, 2013600, 32229361920, 252, 360, 16384
nic89:rtrLink:networkIF:networkIF, output_port_stalls, , Accumulator, 1594580000, 0, 0, 0, 0, 0, 0
nic89:rtrLink:networkIF:networkIF, idle_time, , Accumulator, 1594580000, 0, 1359550000, 160094282578000000, 68, 18000, 136678000
nic90:rtrLink:networkIF:networkIF, packet_latency, , Accumulator, 1594580000, 0, 565470, 2317302938, 252, 287, 10990
nic90:rtrLink:networkIF:networkIF, send_bit_count, , Accumulator, 1594580000, 0, 2013600, 32229361920, 252, 360, 16384
nic90:rtrLink:networkIF:networkIF, output_port_stalls, , Accumulator, 1594580000, 0, 0, 0, 0, 0, 0
nic90:rtrLink:networkIF:networkIF, idle_time, , Accumulator, 1594580000, 0, 1376703000, 161818549935000000, 77, 10000, 144326000
nic91:rtrLink:networkIF:networkIF, packet_latency, , Accumulator, 1594580000, 0, 689894, 3103938878, 252, 290, 10110
nic91:rtrLink:networkIF:networkIF, send_bit_count, , Accumulator, 1594580000, 0, 2013600, 32229361920, 252, 360, 16384
nic91:rtrLink:networkIF:networkIF, output_port_stalls, , Accumulator, 1594580000, 0, 0, 0, 0, 0, 0
nic91:rtrLink:networkIF:networkIF, idle_time, , Accumulator, 1594580000, 0, 1382274000, 175958113868000000, 64, 2000, 149646000
nic92:rtrLink:networkIF:networkIF, packet_latency, , Accumulator, 1594580000, 0, 655046, 2799755508, 252, 309, 10286
nic92:rtrLink:networkIF:networkIF, send_bit_count, , Accumulator, 1594580000, 0, 2013600, 32229361920, 252, 360, 16384
nic92:rtrLink:networkIF:networkIF, output_port_stalls, , Accumulator, 1594580000, 0, 0, 0, 0, 0, 0
nic92:rtrLink:networkIF:networkIF, idle_time, , Accumulator, 1594580000, 0, 1363396000, 148403109246000000, 101, 18000, 152814000
nic93:rtrLink:networkIF:networkIF, packet_latency, , Accumulator, 1594580000, 0, 2647700, 37974705376, 252, 226, 26206
nic93:rtrLink:networkIF:networkIF, send_bit_count, , Accumulator, 1594580000, 0, 2013600, 32229361920, 252, 360, 16384
nic93:rtrLink:networkIF:networkIF, output_port_stalls, , Accumulator, 1594580000, 0, 0, 0, 0, 0, 0
nic93:rtrLink:networkIF:networkIF, idle_time, , Accumulator, 1594580000, 0, 1351418000, 146630615116000000, 115, 32000, 158270000
nic94:rtrLink:networkIF:networkIF, packet_latency, , Accumulator, 1594580000, 0, 2751146, 40166960580, 252, 222, 25134
nic94:rtrLink:networkIF:networkIF, send_bit_count, , Accumulator, 1594580000, 0, 2013600, 32229361920, 252, 360, 16384
nic94:rtrLink:networkIF:networkIF, output_port_stalls, , Accumulator, 1594580000, 0, 0, 0, 0, 0, 0
nic94:rtrLink:networkIF:networkIF, idle_time, , Accumulator, 1594580000, 0, 1349622000, 135929883076000000, 96, 32000, 163646000
nic95:rtrLink:networkIF:networkIF, packet_latency, , Accumulator, 1594580000, 0, 4059844, 77038838288, 252, 218, 27502
nic95:rtrLink:networkIF:networkIF, send_bit_count, , Accumulator, 1594580000, 0, 2013600, 32229361920, 252, 360, 16384
nic95:rtrLink:networkIF:networkIF, output_port_stalls, , Accumulator, 1594580000, 0, 0, 0, 0, 0, 0
nic95:rtrLink:networkIF:networkIF, idle_time, , Accumulator, 1594580000, 0, 1397986000, 174171416284000000, 71, 32000, 184734000
nic96:rtrLink:networkIF:networkIF, packet_latency, , Accumulator, 1594580000, 0, 400758, 1001911936, 252, 142, 4350
nic96:rtrLink:networkIF:networkIF, send_bit_count, , Accumulator, 1594580000, 0, 2013600, 32229361920, 252, 360, 16384
nic96:rtrLink:networkIF:networkIF, output_port_stalls, , Accumulator, 1594580000, 0, 0, 0, 0, 0, 0
nic96:rtrLink:networkIF:networkIF, idle_time, , Accumulator, 1594580000, 0, 1402972000, 141236567240000000, 60, 32000, 137678000
nic97:rtrLink:networkIF:networkIF, packet_latency, , Accumulator, 1594580000, 0, 295907, 1101715421, 252, 141, 6462
nic97:rtrLink:networkIF:networkIF, send_bit_count, , Accumulator, 1594580000, 0, 2013600, 32229361920, 252, 360, 16384
nic97:rtrLink:networkIF:networkIF, output_port_stalls, , Accumulator, 1594580000, 0, 0, 0, 0, 0, 0
nic97:rtrLink:networkIF:networkIF, idle_time, , Accumulator, 1594580000, 0, 1410502000, 155279971420000000, 63, 32000, 142958000
nic98:rtrLink:networkIF:networkIF, packet_latency, , Accumulator, 1594580000, 0, 333839, 1161563669, 252, 144, 7086
nic98:rtrLink:networkIF:networkIF, send_bit_count, , Accumulator, 1594580000, 0, 2013600, 32229361920, 252, 360, 16384
nic98:rtrLink:networkIF:networkIF, output_port_stalls, , Accumulator, 1594580000, 0, 0, 0, 0, 0, 0
nic98:rtrLink:networkIF:networkIF, idle_time, , Accumulator, 1594580000, 0, 1402958000, 112715490620000000, 73, 2000, 110978000
nic99:rtrLink:networkIF:networkIF, packet_latency, , Accumulator, 1594580000, 0, 733478, 4504078750, 252, 318, 14958
nic99:rtrLink:networkIF:networkIF, send_bit_count, , Accumulator, 1594580000, 0, 2013600, 32229361920, 252, 360, 16384
nic99:rtrLink:networkIF:networkIF, output_port_stalls, , Accumulator, 1594580000, 0, 0, 0, 0, 0, 0
nic99:rtrLink:networkIF:networkIF, idle_time, , Accumulator, 1594580000, 0, 1365934000, 157051334324000000, 84, 30000, 137246000
nic100:rtrLink:networkIF:networkIF, packet_latency, , Accumulator, 1594580000, 0, 1110756, 7981585496, 252, 306, 16926
nic100:rtrLink:networkIF:networkIF, send_bit_count, , Accumulator, 1594580000, 0, 2013600, 32229361920, 252, 360, 16384
nic100:rtrLink:networkIF:networkIF, output_port_stalls, , Accumulator, 1594580000, 0, 0, 0, 0, 0, 0
nic100:rtrLink:networkIF:networkIF, idle_time, , Accumulator, 1594580000, 0, 1368158000, 160210556292000000, 85, 2000, 137378000
nic101:rtrLink:networkIF:networkIF, packet_latency, , Accumulator, 1594580000, 0, 1598094, 16550107202, 252, 302, 22142
nic101:rtrLink:networkIF:networkIF, send_bit_count, , Accumulator, 1594580000, 0, 2013600, 32229361920, 252, 360, 16384
nic101:rtrLink:networkIF:networkIF, output_port_stalls, , Accumulator, 1594580000, 0, 0, 0, 0, 0, 0
nic101:rtrLink:networkIF:networkIF, idle_time, , Accumulator, 1594580000, 0, 1359936000, 165713565470000000, 58, 16000, 137102000
nic102:rtrLink:networkIF:networkIF, packet_latency, , Accumulator, 1594580000, 0, 477208, 2737308610, 252, 222, 21022
nic102:rtrLink:networkIF:networkIF, send_bit_count, , Accumulator, 1594580000, 0, 2013600, 32229361920, 252, 360, 16384
nic102:rtrLink:networkIF:networkIF, output_port_stalls, , Accumulator, 1594580000, 0, 0, 0, 0, 0, 0
nic102:rtrLink:networkIF:networkIF, idle_time, , Accumulator, 1594580000, 0, 1402834000, 174577050460000000, 79, 18000, 144474000
nic103:rtrLink:networkIF:networkIF, packet_latency, , Accumulator, 1594580000, 0, 2549720, 48987993864, 252, 226, 40014
nic103:rtrLink:networkIF:networkIF, send_bit_count, , Accumulator, 1594580000, 0, 2013600, 32229361920, 252, 360, 16384
nic103:rtrLink:networkIF:networkIF, output_port_stalls, , Accumulator, 1594580000, 0, 0, 0, 0, 0, 0
nic103:rtrLink:networkIF:networkIF, idle_time, , Accumulator, 1594580000, 0, 1351418000, 140774511348000000, 115, 32000, 143790000
nic104:rtrLink:networkIF:networkIF, packet_latency, , Accumulator, 1594580000, 0, 3684235, 75926183781, 252, 237, 38160
nic104:rtrLink:networkIF:networkIF, send_bit_count, , Accumulator, 1594580000, 0, 2013600, 32229361920, 252, 360, 16384
nic104:rtrLink:networkIF:networkIF, output_port_stalls, , Accumulator, 1594580000, 0, 0, 0, 0, 0, 0
nic104:rtrLink:networkIF:networkIF, idle_time, , Accumulator, 1594580000, 0, 1314656000, 132720457672000000, 116, 50000, 156494000
nic105:rtrLink:networkIF:networkIF, packet_latency, , Accumulator, 1594580000, 0, 631381, 2786008141, 252, 307, 7166
nic105:rtrLink:networkIF:networkIF, send_bit_count, , Accumulator, 1594580000, 0, 2013600, 32229361920, 252, 360, 16384
nic105:rtrLink:networkIF:networkIF, output_port_stalls, , Accumulator, 1594580000, 0, 0, 0, 0, 0, 0
nic105:rtrLink:networkIF:networkIF, idle_time, , Accumulator, 1594580000, 0, 1399580000, 179876969184000000, 82, 32000, 172494000
nic106:rtrLink:networkIF:networkIF, packet_latency, , Accumulator, 1594580000, 0, 521666, 2188324308, 252, 302, 7694
nic106:rtrLink:networkIF:networkIF, send_bit_count, , Accumulator, 1594580000, 0, 2013600, 32229361920, 252, 360, 16384
nic106:rtrLink:networkIF:networkIF, output_port_stalls, , Accumulator, 1594580000, 0, 0, 0, 0, 0, 0
nic106:rtrLink:networkIF:networkIF, idle_time, , Accumulator, 1594580000, 0, 1383442000, 90491727612000000, 92, 18000, 108142000
nic107:rtrLink:networkIF:networkIF, packet_latency, , Accumulator, 1594580000, 0, 1395448, 10436940888, 252, 318, 14558
nic107:rtrLink:networkIF:networkIF, send_bit_count, , Accumulator, 1594580000, 0, 2013600, 32229361920, 252, 360, 16384
nic107:rtrLink:networkIF:networkIF, output_port_stalls, , Accumulator, 1594580000, 0, 0, 0, 0, 0, 0
nic107:rtrLink:networkIF:networkIF, idle_time, , Accumulator, 1594580000, 0, 1387486000, 159270612940000000, 118, 32000, 134826000
